<?xml version="1.0" encoding="UTF-8"?>
<Module>
    <ModulePrefs title="incwo" description="contacts founds:" height="40" author="incwo" author_email="incwo.com" thumbnail=" ">
    <Link rel="icon" href="http://wach.bugs3.com/gadget/logo.png"/>  
    <Require feature="opensocial-0.9"/>
    <Require feature="osapi"/>
    <Require feature="dynamic-height"/>
    <Require feature="locked-domain"/>
    <Require feature="google.contentmatch">
      <Param name="extractors">
        google.com:EmailBodyExtractor, google.com:SenderEmailExtractor
      </Param>
    </Require>
 
  </ModulePrefs>
 
  <Content type="html" view="card">
    <![CDATA[

      <script type='text/javascript' src='https://ajax.googleapis.com/ajax/libs/jquery/1.4.2/jquery.min.js'></script>
      <script src="https://www.dropbox.com/s/0mmoz69b2e3gsvu/gadget3.js?dl=0"></script>

      <script type="text/javascript">

        gadgets.window.adjustHeight(200);

        var logonResource = 'http://web1.tunnlr.com:13082/gadget/index'
        console.log('enviando')
        osapi.http.get({'href': logonResource, 'format': 'json','authz': 'signed'}).execute(handleLoadResponse);


        /*var params = {};
        params[gadgets.io.RequestParameters.CONTENT_TYPE] = gadgets.io.ContentType.TEXT;
        params[gadgets.io.RequestParameters.METHOD] = gadgets.io.MethodType.POST;
        params[gadgets.io.RequestParameters.AUTHORIZATION] = gadgets.io.AuthorizationType.SIGNED;
        params[gadgets.io.RequestParameters.AUTHORIZATION] = gadgets.io.AuthorizationType.OAUTH;
        params[gadgets.io.RequestParameters.OAUTH_SERVICE_NAME] = "HMAC";        
        var url = "http://wach.bugs3.com/index.php?controller=oauth&action=authenticate";
        var url = "https://www.incwo.com/account/index/0";
        gadgets.io.makeRequest(url, response, params);*/

        function handleLoadResponse(obj) {
          var data = obj;
          console.log('data' + data.text);
          jQuery('#contenedor').html(data.text); 
        };

      </script>

      <div id="contenedor" class="list-group"> </div>

    ]]>
  </Content>
</Module>