<?xml version="1.0" encoding="UTF-8"?>
<OpenCOBData id="USStockTicker">
  <AuthorInfo
    description="Extracts US stock tickers from emails."
    author="Avi Flambards" />
  <ExtractorSpec id="USStockTickerExtractor" platform="gmail" language="en">
    <Search>
      <Pattern input_fields="subject,body">
        <![CDATA[(?x)
        ##### This expression finds full declarations of AMEX tickers.
        ##### They are of the form 'AMEX:AIM'
        #####
        (\b(?P<exchange>AMEX)(?::\ ?)(?P<ticker>(?M=AMEXTickerType))\b)

        #####
        ##### This expression finds full declarations of NASDAQ tickers.
        ##### They are of the form 'NASD:MSFT' and 'NASDAQ: MSFT'
        #####
        |(\b(?P<exchange>NYSE)(?::\ ?)(?P<ticker>(?M=NYSETickerType))\b)

       #####
       ##### This expression will find standalone tickers like 'MSFT' if it is
       ##### unambiguously a ticker and in all caps.
       #####
       |(\b(?P<ticker>(?M=USFilteredTickerType))(?:[\s\)\],]))
       (?-x)]]>
      </Pattern>
    </Search>
    <Response platform="gmail" format="cardgadget">
      <Output name="Title">Stock Ticker</Output>
      <Output name="LinkText1">{@ticker}</Output>
      <Output name="LinkUrl1">http://finance.google.com/finance?q={@ticker}</Output>
    </Response>

    ...
  </ExtractorSpec>

  <DataObject id="AllUSStockTickersFiltered" type="USFilteredTickerType">
    <QueryName value="AAC"/>
    <QueryName value="ABL"/>
    <QueryName value="ABP"/>
    <QueryName value="ACU"/>
    ...
    <QueryName value="ZTR"/>
  </DataObject>

  <!-- Repeat for the other types referred to in the regexp:
   AMEXTickerType, etc. -->
  ...

</OpenCOBData>