<?xml version="1.0" encoding="UTF-8" ?>
<ApplicationManifest xmlns="http://schemas.google.com/ApplicationManifest/2009">
 
  <Name>INCWO</Name>
 
  <Description>
     Using the contact email address to find a contact and display his information (phone numbers, tasks, etc) on Incwo.
  </Description>

 <!--  EXTRACTOR -->

  <Extension id="INCWOBodyExtractor" type="contextExtractor">
    <Name>INCWO Body</Name>
    <Url>google.com:EmailBodyExtractor</Url>
    <Triggers ref="INCWOGadget"/>
    <Scope ref="emailBody"/>
    <Container name="mail"/>
  </Extension>

   <Extension id="INCWOSenderExtractor" type="contextExtractor">
    <Name>INCWO Sender</Name>
    <Url>google.com:SenderEmailExtractor</Url>
    <Triggers ref="INCWOGadget"/>
    <Scope ref="emailsender"/>
    <Container name="mail"/>
  </Extension>

<!--  GADGET --> 

  <Extension id="INCWOGadget" type="gadget">
    <Name>INCWO Gmail contextual gadget</Name>
    <Url>http://wach.bugs3.com/gadget/context-gadget.xml</Url>
    <Container name="mail"/>
  </Extension>

<!--  SCOPE -->
 
  <Scope id="emailBody">
    <Url>tag:google.com,2010:auth/contextual/extractor/BODY</Url>
    <Reason>
      This application searches into the message body of each email for contacts in the Incwo and show their information.   
    </Reason>
  </Scope>

   <Scope id="emailsender">
    <Url>tag:google.com,2010:auth/contextual/extractor/FROM_ADDRESS</Url>
    <Reason>
      This application takes the sender email   
    </Reason>
  </Scope>

</ApplicationManifest>